case,symbol,block_rms_error,filtered_mean_error
"Digital, synchronous",160,2.0,0.6000000000000001
"Digital, synchronous",320,2.0,1.02
"Digital, synchronous",480,2.0,1.314
"Digital, synchronous",640,2.0,1.5198
"Digital, synchronous",800,2.0,1.6638600000000001
"Digital, synchronous",960,2.0,1.764702
"Digital, synchronous",1120,1.7284386017443605,1.753822980523308
"Digital, synchronous",1280,1.1779218989389746,1.581052656048008
"Digital, synchronous",1440,0.5361902647381804,1.2675939386550596
"Digital, synchronous",1600,0.4031128874149275,1.00824962328302
"Digital, synchronous",1760,0.15811388300841897,0.7532089012006397
"Digital, synchronous",1920,0.0,0.5272462308404477
"Digital, synchronous",2080,0.0,0.3690723615883134
"Digital, synchronous",2240,0.0,0.2583506531118194
"Digital, synchronous",2400,0.0,0.18084545717827355
"Digital, synchronous",2560,0.0,0.12659182002479147
"Digital, synchronous",2720,0.0,0.08861427401735403
"Digital, synchronous",2880,0.0,0.062029991812147814
"Digital, synchronous",3040,0.0,0.04342099426850347
"Digital, synchronous",3200,0.0,0.030394695987952424
"Digital, synchronous",3360,0.0,0.021276287191566694
"Digital, synchronous",3520,0.0,0.014893401034096684
"Digital, synchronous",3680,0.0,0.010425380723867679
"Digital, synchronous",3840,0.0,0.007297766506707375
"Digital, synchronous",4000,0.0,0.005108436554695162
"Digital, synchronous",4160,0.0,0.0035759055882866133
"Digital, synchronous",4320,0.0,0.002503133911800629
"Digital, synchronous",4480,0.0,0.0017521937382604404
"Digital, synchronous",4640,0.0,0.0012265356167823081
"Digital, synchronous",4800,0.0,0.0008585749317476157
"Digital, synchronous",4960,0.0,0.0006010024522233309
"Digital, synchronous",5120,0.0,0.00042070171655633163
"Digital, synchronous",5280,0.0,0.00029449120158943213
"Digital, synchronous",5440,0.0,0.00020614384111260247
"Digital, synchronous",5600,0.0,0.00014430068877882172
"Digital, synchronous",5760,0.0,0.0001010104821451752
"Digital, synchronous",5920,0.0,0.0001
"Digital, synchronous",6080,0.0,0.0001
"Digital, synchronous",6240,0.0,0.0001
"Digital, synchronous",6400,0.0,0.0001
"Digital, synchronous",6560,0.0,0.0001
"Digital, synchronous",6720,0.0,0.0001
"Digital, synchronous",6880,0.0,0.0001
"Digital, synchronous",7040,0.0,0.0001
"Digital, synchronous",7200,0.0,0.0001
"Digital, synchronous",7360,0.0,0.0001
"Digital, synchronous",7520,0.0,0.0001
"Digital, synchronous",7680,0.0,0.0001
"Digital, synchronous",7840,0.0,0.0001
"Digital, synchronous",8000,0.0,0.0001
"Digital, synchronous",8160,0.0,0.0001
"Digital, synchronous",8320,0.0,0.0001
"Digital, synchronous",8480,0.0,0.0001
"Digital, synchronous",8640,0.0,0.0001
"Digital, synchronous",8800,0.0,0.0001
"Digital, synchronous",8960,0.0,0.0001
"Digital, synchronous",9120,0.0,0.0001
"Digital, synchronous",9280,0.0,0.0001
"Digital, synchronous",9440,0.0,0.0001
"Digital, synchronous",9600,0.0,0.0001
"Digital, synchronous",9760,0.0,0.0001
"Digital, synchronous",9920,0.0,0.0001
Measured SIP digital capture,160,2.0,0.6000000000000001
Measured SIP digital capture,320,2.0,1.02
Measured SIP digital capture,480,2.0,1.314
Measured SIP digital capture,640,2.0,1.5198
Measured SIP digital capture,800,2.0,1.6638600000000001
Measured SIP digital capture,960,2.0,1.764702
Measured SIP digital capture,1120,1.7284386017443605,1.753822980523308
Measured SIP digital capture,1280,1.1779218989389746,1.581052656048008
Measured SIP digital capture,1440,0.5361902647381804,1.2675939386550596
Measured SIP digital capture,1600,0.4031128874149275,1.00824962328302
Measured SIP digital capture,1760,0.15811388300841897,0.7532089012006397
Measured SIP digital capture,1920,0.0,0.5272462308404477
Measured SIP digital capture,2080,0.0,0.3690723615883134
Measured SIP digital capture,2240,0.0,0.2583506531118194
Measured SIP digital capture,2400,0.0,0.18084545717827355
Measured SIP digital capture,2560,0.0,0.12659182002479147
Measured SIP digital capture,2720,0.0,0.08861427401735403
Measured SIP digital capture,2880,0.0,0.062029991812147814
Measured SIP digital capture,3040,0.0,0.04342099426850347
Measured SIP digital capture,3200,0.0,0.030394695987952424
Measured SIP digital capture,3360,0.0,0.021276287191566694
Measured SIP digital capture,3520,0.0,0.014893401034096684
Measured SIP digital capture,3680,0.0,0.010425380723867679
Measured SIP digital capture,3840,0.0,0.007297766506707375
Measured SIP digital capture,4000,0.0,0.005108436554695162
Measured SIP digital capture,4160,0.0,0.0035759055882866133
Measured SIP digital capture,4320,0.0,0.002503133911800629
Measured SIP digital capture,4480,0.0,0.0017521937382604404
Measured SIP digital capture,4640,0.0,0.0012265356167823081
Measured SIP digital capture,4800,0.0,0.0008585749317476157
Measured SIP digital capture,4960,0.0,0.0006010024522233309
Measured SIP digital capture,5120,0.0,0.00042070171655633163
Measured SIP digital capture,5280,0.0,0.00029449120158943213
Measured SIP digital capture,5440,0.0,0.00020614384111260247
Measured SIP digital capture,5600,0.0,0.00014430068877882172
Measured SIP digital capture,5760,0.0,0.0001010104821451752
Measured SIP digital capture,5920,0.0,0.0001
Measured SIP digital capture,6080,0.0,0.0001
Measured SIP digital capture,6240,0.0,0.0001
Measured SIP digital capture,6400,0.0,0.0001
Measured SIP digital capture,6560,0.0,0.0001
Measured SIP digital capture,6720,0.0,0.0001
Measured SIP digital capture,6880,0.0,0.0001
Measured SIP digital capture,7040,0.0,0.0001
Measured SIP digital capture,7200,0.0,0.0001
Measured SIP digital capture,7360,0.0,0.0001
Measured SIP digital capture,7520,0.0,0.0001
Measured SIP digital capture,7680,0.0,0.0001
Measured SIP digital capture,7840,0.0,0.0001
Measured SIP digital capture,8000,0.0,0.0001
Measured SIP digital capture,8160,0.0,0.0001
Measured SIP digital capture,8320,0.0,0.0001
Measured SIP digital capture,8480,0.0,0.0001
Measured SIP digital capture,8640,0.0,0.0001
Measured SIP digital capture,8800,0.0,0.0001
Measured SIP digital capture,8960,0.0,0.0001
Measured SIP digital capture,9120,0.0,0.0001
Measured SIP digital capture,9280,0.0,0.0001
Measured SIP digital capture,9440,0.0,0.0001
Measured SIP digital capture,9600,0.0,0.0001
Measured SIP digital capture,9760,0.0,0.0001
Measured SIP digital capture,9920,0.0,0.0001
"Digital, residual clock only",160,48.463065833684105,14.538919750105233
"Digital, residual clock only",320,116.05001615682784,44.99224867212202
"Digital, residual clock only",480,234.11629054809492,101.7294612349139
"Digital, residual clock only",640,298.4767055399801,160.75363452643376
"Digital, residual clock only",800,414.65485647704645,236.92400111161757
"Digital, residual clock only",960,492.44554902039675,313.58046548425136
"Digital, residual clock only",1120,614.2140913394937,403.77055324082414
"Digital, residual clock only",1280,584.0031624486292,457.8403360031656
"Digital, residual clock only",1440,462.15323486912865,459.1342056629545
"Digital, residual clock only",1600,565.4289522123889,491.0226296277848
"Digital, residual clock only",1760,574.0314451317105,515.9252742789624
"Digital, residual clock only",1920,549.9485373650883,526.1322532048002
"Digital, residual clock only",2080,560.1325791721099,536.3323509949931
"Digital, residual clock only",2240,527.1106975768942,533.5658549695635
"Digital, residual clock only",2400,459.47888281182196,511.339763322241
"Digital, residual clock only",2560,477.405861139136,501.15959266730954
"Digital, residual clock only",2720,518.8229888410883,506.4586115194432
"Digital, residual clock only",2880,490.78246836047435,501.7557685717526
"Digital, residual clock only",3040,513.040245741014,505.14111172253104
"Digital, residual clock only",3200,532.0430198771525,513.2116841689174
"Digital, residual clock only",3360,554.2937792813483,525.5363127026467
"Digital, residual clock only",3520,536.5032152746152,528.8263834742372
"Digital, residual clock only",3680,597.7107159822383,549.4916832266376
"Digital, residual clock only",3840,599.3631098924925,564.4531112263941
"Digital, residual clock only",4000,632.0894863466723,584.7440237624776
"Digital, residual clock only",4160,630.4397869741408,598.4527527259766
"Digital, residual clock only",4320,676.4206854835236,621.8431325532406
"Digital, residual clock only",4480,713.081582815038,649.2146676317798
"Digital, residual clock only",4640,678.870698292392,658.1114768299634
"Digital, residual clock only",4800,722.585769130558,677.4537645201418
"Digital, residual clock only",4960,744.1726488188074,697.4694298097415
"Digital, residual clock only",5120,748.9610345338401,712.916911226971
"Digital, residual clock only",5280,731.42784589459,718.4701916272567
"Digital, residual clock only",5440,819.9519688676892,748.9147247993865
"Digital, residual clock only",5600,760.8626847204429,752.4991127757033
"Digital, residual clock only",5760,774.296362028132,759.038287551432
"Digital, residual clock only",5920,736.9014350644189,752.3972318053281
"Digital, residual clock only",6080,786.3007296829884,762.5682811686262
"Digital, residual clock only",6240,664.852173419024,733.2534488437454
"Digital, residual clock only",6400,678.1991134615262,716.7371482290797
"Digital, residual clock only",6560,709.9516048647259,714.7014852197735
"Digital, residual clock only",6720,604.7333503288867,681.7110447525074
"Digital, residual clock only",6880,650.8350549486406,672.4482478113474
"Digital, residual clock only",7040,521.1674934701895,627.064021509
"Digital, residual clock only",7200,561.9440363594937,607.5280259641481
"Digital, residual clock only",7360,505.8705985724017,577.0307977466242
"Digital, residual clock only",7520,475.2035616449018,546.4826269161075
"Digital, residual clock only",7680,396.8463808578831,501.5917530986402
"Digital, residual clock only",7840,376.78354197071826,464.14928976026357
"Digital, residual clock only",8000,362.0261558230289,433.5123495790932
"Digital, residual clock only",8160,311.98854145625285,397.0552071422411
"Digital, residual clock only",8320,304.1896406848859,369.1955372050345
"Digital, residual clock only",8480,291.01618296926375,345.7417309343033
"Digital, residual clock only",8640,227.94379789763968,310.40235102330416
"Digital, residual clock only",8800,250.82588582520745,292.52941146387514
"Digital, residual clock only",8960,224.79993883451124,272.210569675066
"Digital, residual clock only",9120,228.95275167597353,259.2332242753383
"Digital, residual clock only",9280,202.18498646041945,242.11875293086263
"Digital, residual clock only",9440,188.993882176117,226.18129170443893
"Digital, residual clock only",9600,189.48822522784891,215.17337176146194
"Digital, residual clock only",9760,211.77606097007282,214.15417852404522
"Digital, residual clock only",9920,205.34216870871896,211.51057557944733
"Measured FIR, synchronous",160,2973.582869410234,892.0748608230703
"Measured FIR, synchronous",320,2861.630575388794,1482.9415751927875
"Measured FIR, synchronous",480,2731.292250245294,1857.4467777085395
"Measured FIR, synchronous",640,2889.7185330062857,2167.1283042978635
"Measured FIR, synchronous",800,2701.9702984581454,2327.580902545948
"Measured FIR, synchronous",960,2920.165362398164,2505.356240501613
"Measured FIR, synchronous",1120,2898.3373800767226,2623.250582374146
"Measured FIR, synchronous",1280,2407.9061638174358,2558.6472568071326
"Measured FIR, synchronous",1440,1611.477827182242,2274.4964279196656
"Measured FIR, synchronous",1600,1803.6533532666415,2133.2435055237584
"Measured FIR, synchronous",1760,1873.2913498038686,2055.2578588077913
"Measured FIR, synchronous",1920,1871.2350517105006,2000.051016678604
"Measured FIR, synchronous",2080,1669.3711540577187,1900.8470578923384
"Measured FIR, synchronous",2240,415.12244428602025,1455.129673810443
"Measured FIR, synchronous",2400,382.9811108266307,1133.4851049152992
"Measured FIR, synchronous",2560,290.883557029269,880.7046405494901
"Measured FIR, synchronous",2720,262.5552917958425,695.2598359233958
"Measured FIR, synchronous",2880,192.9672251964048,544.5720527052985
"Measured FIR, synchronous",3040,217.29083333173537,446.38768689322956
"Measured FIR, synchronous",3200,185.9503461948915,368.2564846837281
"Measured FIR, synchronous",3360,164.7657807313157,307.2092734980044
"Measured FIR, synchronous",3520,232.59414760479248,284.8247357300408
"Measured FIR, synchronous",3680,173.6380754615761,251.46873764950138
"Measured FIR, synchronous",3840,204.25038249658186,237.30323110362554
"Measured FIR, synchronous",4000,185.97083104616163,221.90351108638635
"Measured FIR, synchronous",4160,189.7039469805518,212.24364185463597
"Measured FIR, synchronous",4320,168.1317377832038,199.0100706332063
"Measured FIR, synchronous",4480,198.84442725407217,198.96037761946607
"Measured FIR, synchronous",4640,208.7948754160408,201.91072695843852
"Measured FIR, synchronous",4800,214.49334197126026,205.68551146228504
"Measured FIR, synchronous",4960,167.77188754377175,194.31142428673104
"Measured FIR, synchronous",5120,185.8038280014704,191.75914540115286
"Measured FIR, synchronous",5280,189.3810642593393,191.04572105860882
"Measured FIR, synchronous",5440,209.59647241783438,196.6109464663765
"Measured FIR, synchronous",5600,202.55767697127652,198.3949656178465
"Measured FIR, synchronous",5760,201.32289052663634,199.27334309048348
"Measured FIR, synchronous",5920,189.45672329057103,196.32835715050976
"Measured FIR, synchronous",6080,161.36013680584185,185.8378910471094
"Measured FIR, synchronous",6240,196.5732210907681,189.058490060207
"Measured FIR, synchronous",6400,190.15452597821593,189.38730083560966
"Measured FIR, synchronous",6560,196.7871470650459,191.60725470444055
"Measured FIR, synchronous",6720,200.9605371708585,194.41323944436593
"Measured FIR, synchronous",6880,200.47465550537805,196.23166426266954
"Measured FIR, synchronous",7040,172.3016976120665,189.0526742674886
"Measured FIR, synchronous",7200,206.5295075770046,194.29572426034343
"Measured FIR, synchronous",7360,194.854448884289,194.4633416475271
"Measured FIR, synchronous",7520,198.8807902991136,195.78857624300304
"Measured FIR, synchronous",7680,169.35259076849104,187.85778060064945
"Measured FIR, synchronous",7840,203.81923670252522,192.64621743121216
"Measured FIR, synchronous",8000,185.4235691599102,190.47942294982158
"Measured FIR, synchronous",8160,188.85356430313936,189.9916653558169
"Measured FIR, synchronous",8320,183.34460382023792,187.99754689514322
"Measured FIR, synchronous",8480,190.25998659728745,188.67627880578647
"Measured FIR, synchronous",8640,164.48219888486412,181.41805482950974
"Measured FIR, synchronous",8800,189.0258580194784,183.70039578650034
"Measured FIR, synchronous",8960,170.2880464096056,179.67669097343193
"Measured FIR, synchronous",9120,178.43573773210343,179.3044050010334
"Measured FIR, synchronous",9280,180.50799843774237,179.6654830320461
"Measured FIR, synchronous",9440,178.61090742169137,179.3491103489397
"Measured FIR, synchronous",9600,165.26282098524158,175.12322353983026
"Measured FIR, synchronous",9760,161.41634830462496,171.01116096926867
"Measured FIR, synchronous",9920,169.34460059299204,170.5111928563857
Measured FIR plus residual clock,160,2955.083712858233,886.52511385747
Measured FIR plus residual clock,320,2812.187397071895,1464.2237988217976
Measured FIR plus residual clock,480,2673.7451846613953,1827.080214573677
Measured FIR plus residual clock,640,2794.486415246995,2117.3020747756723
Measured FIR plus residual clock,800,2613.1661554998755,2266.061298992933
Measured FIR plus residual clock,960,2806.591044977875,2428.2202227884154
Measured FIR plus residual clock,1120,2748.2015096240666,2524.214608839111
Measured FIR plus residual clock,1280,2368.323784874019,2477.4473616495834
Measured FIR plus residual clock,1440,1617.1544665708345,2219.3594931259586
Measured FIR plus residual clock,1600,1810.2284299916405,2096.620174185663
Measured FIR plus residual clock,1760,1905.8330068502855,2039.3840239850497
Measured FIR plus residual clock,1920,1814.9076526093552,1972.0411125723413
Measured FIR plus residual clock,2080,1686.5554430554603,1886.395411717277
Measured FIR plus residual clock,2240,769.0127721631156,1551.1806198510285
Measured FIR plus residual clock,2400,678.8200930659021,1289.4724618154905
Measured FIR plus residual clock,2560,653.224779459567,1098.5981571087134
Measured FIR plus residual clock,2720,711.5865811691505,982.4946843268444
Measured FIR plus residual clock,2880,662.1223687884287,886.3829896653197
Measured FIR plus residual clock,3040,695.3628863766027,829.0769586787045
Measured FIR plus residual clock,3200,714.0376128048158,794.565154916538
Measured FIR plus residual clock,3360,713.6150091260693,770.2801111793973
Measured FIR plus residual clock,3520,742.9767072391974,762.0890899973373
Measured FIR plus residual clock,3680,790.6544559730249,770.6586997900436
Measured FIR plus residual clock,3840,837.4090473000635,790.6838040430496
Measured FIR plus residual clock,4000,810.0303157907117,796.4877575673482
Measured FIR plus residual clock,4160,829.9262542539548,806.5193065733301
Measured FIR plus residual clock,4320,874.4938964909932,826.9116835486291
Measured FIR plus residual clock,4480,929.3785289105833,857.6517371572154
Measured FIR plus residual clock,4640,914.4362368421322,874.6870870626904
Measured FIR plus residual clock,4800,911.095878598954,885.6097245235694
Measured FIR plus residual clock,4960,926.8284900670674,897.9753541866188
Measured FIR plus residual clock,5120,971.4181772027946,920.0082010914715
Measured FIR plus residual clock,5280,947.3907621726106,928.2229694158133
Measured FIR plus residual clock,5440,988.1290812692439,946.1948029718425
Measured FIR plus residual clock,5600,993.0672812050551,960.2565464418063
Measured FIR plus residual clock,5760,1014.6972424078032,976.5887552316053
Measured FIR plus residual clock,5920,958.6203954120734,971.1982472857458
Measured FIR plus residual clock,6080,932.3679028420058,959.5491439526238
Measured FIR plus residual clock,6240,929.7469817106157,950.6084952800213
Measured FIR plus residual clock,6400,930.4988749321517,944.5756091756605
Measured FIR plus residual clock,6560,974.7385130125925,953.62448032674
Measured FIR plus residual clock,6720,855.3282447399945,924.1356096507163
Measured FIR plus residual clock,6880,916.1889713645323,921.7516181648612
Measured FIR plus residual clock,7040,763.6872028193219,874.3322935611993
Measured FIR plus residual clock,7200,821.1160012446476,858.3674058662338
Measured FIR plus residual clock,7360,812.4230425092582,844.584096859141
Measured FIR plus residual clock,7520,753.5335468643715,817.2689318607102
Measured FIR plus residual clock,7680,666.7901984507571,772.1253118377242
Measured FIR plus residual clock,7840,718.4651696498586,756.0272691813645
Measured FIR plus residual clock,8000,620.0428765416146,715.2319513894396
Measured FIR plus residual clock,8160,585.7149317287378,676.376845491229
Measured FIR plus residual clock,8320,575.941940433235,646.2463739738308
Measured FIR plus residual clock,8480,533.9639149792803,612.5616362754656
Measured FIR plus residual clock,8640,474.31032167769655,571.0862418961349
Measured FIR plus residual clock,8800,541.5200654177091,562.2163889526071
Measured FIR plus residual clock,8960,473.2185145363609,535.5170266277332
Measured FIR plus residual clock,9120,478.7806321792894,518.4961082932001
Measured FIR plus residual clock,9280,424.5380651366848,490.3086953462455
Measured FIR plus residual clock,9440,406.1126844854763,465.04989208801476
Measured FIR plus residual clock,9600,417.59507899399387,450.8134481598085
Measured FIR plus residual clock,9760,395.2058482613839,434.13116819028113
Measured FIR plus residual clock,9920,433.1461791358663,433.8356714739567
"Measured SIP capture, clock corrected",160,3153.2952406966274,945.9885722089883
"Measured SIP capture, clock corrected",320,3005.9819225587503,1563.986577313917
"Measured SIP capture, clock corrected",480,2849.3349882033876,1949.5911005807584
"Measured SIP capture, clock corrected",640,3001.529080110669,2265.1724944397315
"Measured SIP capture, clock corrected",800,2810.0253757751016,2428.6283588403426
"Measured SIP capture, clock corrected",960,3012.197562619358,2603.6991199740473
"Measured SIP capture, clock corrected",1120,2897.9205475650983,2691.9655482513626
"Measured SIP capture, clock corrected",1280,2432.678306671476,2614.1793757773967
"Measured SIP capture, clock corrected",1440,1647.2807384444218,2324.1097845775043
"Measured SIP capture, clock corrected",1600,1799.8680802353267,2166.837273274851
"Measured SIP capture, clock corrected",1760,1880.0232528482195,2080.7930671468616
"Measured SIP capture, clock corrected",1920,1775.1460432877066,1989.098959989115
"Measured SIP capture, clock corrected",2080,1649.5953859962144,1887.247887791245
"Measured SIP capture, clock corrected",2240,714.829743715243,1535.5224445684444
"Measured SIP capture, clock corrected",2400,574.3194777299478,1247.1615545168954
"Measured SIP capture, clock corrected",2560,524.9162730855275,1030.487970087485
"Measured SIP capture, clock corrected",2720,565.542587918894,891.0043554369076
"Measured SIP capture, clock corrected",2880,500.05120987754844,773.7184117690999
"Measured SIP capture, clock corrected",3040,521.0639056296262,697.9220599272578
"Measured SIP capture, clock corrected",3200,534.8394034661246,648.9972629889178
"Measured SIP capture, clock corrected",3360,506.8124283203797,606.3418125883563
"Measured SIP capture, clock corrected",3520,489.5835028368501,571.3143196629044
"Measured SIP capture, clock corrected",3680,542.5654165628325,562.6896487328828
"Measured SIP capture, clock corrected",3840,527.6192045405475,552.1685154751822
"Measured SIP capture, clock corrected",4000,491.57672976860897,533.9909797632102
"Measured SIP capture, clock corrected",4160,509.12847101689374,526.5322271393153
"Measured SIP capture, clock corrected",4320,554.4464187367432,534.9064846185437
"Measured SIP capture, clock corrected",4480,566.354841287686,544.3409916192863
"Measured SIP capture, clock corrected",4640,518.3735019269408,536.5507447115826
"Measured SIP capture, clock corrected",4800,588.5432386409685,552.1484928903984
"Measured SIP capture, clock corrected",4960,547.6558225747262,550.8006917956967
"Measured SIP capture, clock corrected",5120,559.5918992891159,553.4380540437224
"Measured SIP capture, clock corrected",5280,555.3484041572461,554.0111590777796
"Measured SIP capture, clock corrected",5440,585.662888315454,563.5066778490819
"Measured SIP capture, clock corrected",5600,541.7328504438327,556.9745296275072
"Measured SIP capture, clock corrected",5760,568.1878925584388,560.3385385067867
"Measured SIP capture, clock corrected",5920,509.77667904681556,545.1699806687953
"Measured SIP capture, clock corrected",6080,504.89725439934807,533.0881627879612
"Measured SIP capture, clock corrected",6240,571.8642212098953,544.7209803145414
"Measured SIP capture, clock corrected",6400,549.80942721092,546.2475143834549
"Measured SIP capture, clock corrected",6560,543.7917397772791,545.5107820016021
"Measured SIP capture, clock corrected",6720,536.0531398564884,542.673489358068
"Measured SIP capture, clock corrected",6880,539.5958962501476,541.7502114256919
"Measured SIP capture, clock corrected",7040,461.5981477432508,517.7045923209596
"Measured SIP capture, clock corrected",7200,534.0630112636522,522.6121180037674
"Measured SIP capture, clock corrected",7360,520.4682927422189,521.9689704253028
"Measured SIP capture, clock corrected",7520,476.4090023288813,508.3009799963764
"Measured SIP capture, clock corrected",7680,445.3591177353395,489.4184213180653
"Measured SIP capture, clock corrected",7840,525.695146924527,500.3014390000038
"Measured SIP capture, clock corrected",8000,465.8996941402731,489.98091554208463
"Measured SIP capture, clock corrected",8160,425.6925753991958,470.694413499218
"Measured SIP capture, clock corrected",8320,431.53199475821026,458.9456878769157
"Measured SIP capture, clock corrected",8480,432.54530832041166,451.0255740099645
"Measured SIP capture, clock corrected",8640,379.14986318077445,429.4628607612075
"Measured SIP capture, clock corrected",8800,414.63098804840917,425.01329894736796
"Measured SIP capture, clock corrected",8960,374.5865303905094,409.8852683803104
"Measured SIP capture, clock corrected",9120,364.8458749938116,396.3734503643608
"Measured SIP capture, clock corrected",9280,337.7397481789788,378.7833397087462
"Measured SIP capture, clock corrected",9440,356.58965387402924,372.12523395833114
"Measured SIP capture, clock corrected",9600,371.5073855255101,371.9398794284848
"Measured SIP capture, clock corrected",9760,359.56484116220264,368.2273679486002
"Measured SIP capture, clock corrected",9920,375.32052968096485,370.35531646830964
Measured SIP capture,160,3143.281041563099,942.9843124689298
Measured SIP capture,320,2978.156534460538,1553.5359790664124
Measured SIP capture,480,2802.539153383945,1928.2369313616723
Measured SIP capture,640,2951.0008535241054,2235.0661080104023
Measured SIP capture,800,2742.45926701747,2387.284055712523
Measured SIP capture,960,2939.238451538085,2552.8703744601917
Measured SIP capture,1120,2893.6565146886387,2655.106216528726
Measured SIP capture,1280,2371.088656872619,2569.9009486318937
Measured SIP capture,1440,1567.3390288160376,2269.132372687137
Measured SIP capture,1600,1784.5287578237567,2123.7512882281226
Measured SIP capture,1760,1839.4222326589402,2038.452571557368
Measured SIP capture,1920,1832.2971067760818,1976.6059321229823
Measured SIP capture,2080,1645.4864022531453,1877.2700731620312
Measured SIP capture,2240,483.7995065107032,1459.2289031666328
Measured SIP capture,2400,473.4627889285493,1163.4990688952078
Measured SIP capture,2560,422.90027636548075,941.3194311362896
Measured SIP capture,2720,428.463402754541,787.4626226217649
Measured SIP capture,2880,379.2912798892165,665.0112198020004
Measured SIP capture,3040,388.9833061970655,582.2028457205199
Measured SIP capture,3200,360.7849342059615,515.7774722661524
Measured SIP capture,3360,370.3266126002829,472.1422143663915
Measured SIP capture,3520,395.41056985113585,449.1227210118148
Measured SIP capture,3680,398.26037337400265,433.86401672047117
Measured SIP capture,3840,382.2652874640856,418.38439794355554
Measured SIP capture,4000,383.06659016416455,407.7890556097382
Measured SIP capture,4160,373.39688168221227,397.47140343148044
Measured SIP capture,4320,402.29491669669403,398.9184574110445
Measured SIP capture,4480,408.2282832558273,401.7114051644794
Measured SIP capture,4640,388.6409493349871,397.7902684156317
Measured SIP capture,4800,390.32753073540687,395.55144711156424
Measured SIP capture,4960,349.0476865701877,381.60031894915124
Measured SIP capture,5120,414.4375329889898,391.45148316110283
Measured SIP capture,5280,409.0385831434487,396.7276131558066
Measured SIP capture,5440,466.2461460966729,417.5831730380665
Measured SIP capture,5600,403.98984362233665,413.5051742133475
Measured SIP capture,5760,462.78666791514206,428.28962232388585
Measured SIP capture,5920,390.5627110337084,416.9715489368326
Measured SIP capture,6080,366.42231441330097,401.80677857977315
Measured SIP capture,6240,402.961218667504,402.1531106060924
Measured SIP capture,6400,413.56843448213016,405.57770776890374
Measured SIP capture,6560,427.04791153920894,412.0187688999953
Measured SIP capture,6720,450.5243750342483,423.5704507402712
Measured SIP capture,6880,451.50110741835397,431.949647743696
Measured SIP capture,7040,384.1689813740823,417.6154478328119
Measured SIP capture,7200,429.81917709660183,421.27656661194885
Measured SIP capture,7360,439.2299867381552,426.66259264981073
Measured SIP capture,7520,427.8058847187589,427.0055802704952
Measured SIP capture,7680,389.24759151470676,415.67818364375864
Measured SIP capture,7840,452.8202112869963,426.82079193672996
Measured SIP capture,8000,416.3945169547745,423.69290944214333
Measured SIP capture,8160,410.34945473340156,419.6898730295208
Measured SIP capture,8320,407.31671491604664,415.97792559547855
Measured SIP capture,8480,411.7047865279198,414.6959838752109
Measured SIP capture,8640,373.33171409619086,402.28670294150487
Measured SIP capture,8800,412.18372723823046,405.25581023052257
Measured SIP capture,8960,420.5789313553403,409.85274656796787
Measured SIP capture,9120,450.14439350057444,421.9402406477499
Measured SIP capture,9280,436.4976660876894,426.3074682797317
Measured SIP capture,9440,412.59313342565457,422.1931678235086
Measured SIP capture,9600,425.1833942547616,423.0902357528845
Measured SIP capture,9760,426.97112753674577,424.2545032880429
Measured SIP capture,9920,434.1465118482469,427.2221058561041
